ID,Federation,Form.Fed,Transfer Date,World Rank,National Rank,Name,Title,Rating
2019221,USA,PHI,12/15/00,4181.0,247.0,"Cusi, Ronald",FIDE Master,2369.0
14401754,BIH,CRO,1/31/00,7805.0,137.0,"Hrvacic, Pavle",FIDE Master,2201.0
14401762,BIH,YUG,1/31/00,8524.0,271.0,"Suljovic, Sulejman",FIDE Master,2188.0
6700284,ESA,HON,11/15/01,7395.0,4.0,"Arias, Lemnys A.",International Master,2210.0
1613782,AUT,ISR,7/9/01,834.0,6.0,"Beim, Valeri",Grandmaster,2504.0
2600536,AUS,CAN,11/9/01,15329.0,79.0,"Dauvergne, Peter",,2232.0
2603977,CAN,YUG,5/25/01,6912.0,53.0,"Divljan, Igor",FIDE Master,2221.0
2019523,USA,AZE,3/30/01,40126.0,1725.0,"Eynullaeva, Elnara",,2099.0
2603985,CAN,ENG,5/25/01,53423.0,469.0,"Fairbairn, Stephen",,2049.0
4682084,ITA,GER,9/12/01,21437.0,550.0,"Fiori, Bruno",,2026.0
2209381,PAR,ESP,12/10/01,1020.0,4.0,"Franco Ocampos, Zenon",Grandmaster,2457.0
13601105,USA,GEO,2/13/01,10315.0,540.0,"Goletiani, Rusudan",International Master Woman Grandmaster,2278.0
2604019,CAN,YUG,6/9/01,17171.0,177.0,"Ivankovic, Goran",FIDE Master,2219.0
933511,YUG,BEL,2/7/01,23625.0,295.0,"Micic, Snezana",Woman FIDE Master,2008.0
3405400,CHI,CRO,6/13/01,669.0,2.0,"Morovic Fernandez, Ivan",Grandmaster,2495.0
4154142,UKR,RUS,1/23/01,49565.0,7220.0,"Kneita, Arunas",,2063.0
14900440,SVK,LBN,7/5/01,3513.0,36.0,"Repkova, Eva",International Master Woman Grandmaster,2319.0
4168267,RUS,UZB,2/3/01,18219.0,3089.0,"Sadriev, Tagir",,2212.0
4148932,UKR,RUS,10/25/01,62685.0,7992.0,"Shalnyeva, Olga",Woman Intl. Master,2019.0
1308181,SUI,AUT,5/20/01,76359.0,775.0,"Ziltener, Werner",,1985.0
13301918,USA,ARM,3/5/02,4027.0,174.0,"Abrahamyan, Tatev",Woman Grandmaster,2301.0
13300580,USA,ARM,3/7/02,283.0,24.0,"Akobian, Varuzhan",Grandmaster,2571.0
14102463,BUL,UKR,3/4/02,2265.0,71.0,"Alexandrova, Olga",International Master Woman Grandmaster,2420.0
13300105,USA,ARM,3/5/02,2300.0,148.0,"Ambartsoumian, Armen",International Master,2419.0
5400082,FRA,MNC,3/4/02,40238.0,2231.0,"Bizat, Michel",,1923.0
621790,ESP,FRA,8/7/02,32200.0,1401.0,"Bruned, Boris",Candidate Master,2133.0
4149610,GER,RUS,6/15/02,1886.0,144.0,"Degtiarev, Evgeny",International Master,2394.0
919101,YUG,CAN,3/4/02,29880.0,292.0,"Djerkovic, Miladin",,2144.0
4110706,GER,RUS,11/10/02,73523.0,9450.0,"Donchenko, Irina",,1990.0
1206508,ESP,ROM,5/17/02,24179.0,1941.0,"Draghici Flutur, Gavril",,2003.0
406457,JCI,ENG,7/24/02,16239.0,1.0,"Farrand, Tom",,2079.0
1206303,ROM,CAN,3/4/02,32833.0,313.0,"Geaman, Horia",,2130.0
2904276,MKD,BUL,4/23/02,3234.0,42.0,"Georgiev, Veselin",International Master,2392.0
2212552,HON,ESP,8/26/02,34570.0,22.0,"Huguet, Sergio",FIDE Master,1948.0
933953,YUG,CAN,3/4/02,48407.0,432.0,"Kagramanov, Dina",Woman Intl. Master,2067.0
4143973,UKR,RUS,8/10/02,10760.0,469.0,"Kovtun, Sergei",International Master,2273.0
14905361,CAN,SVK,5/25/02,1283.0,11.0,"Krnan, Tomas",International Master,2433.0
2501031,ENG,IRL,1/18/02,22653.0,356.0,"Mackenzie, Colin",,2016.0
310204,SVK,YUG,6/15/02,139.0,6.0,"Movsesian, Sergei",Grandmaster,2618.0
4152417,UKR,RUS,6/10/02,280.0,13.0,"Oleksiyenko, Mykhaylo",Grandmaster,2572.0
4105745,USA,RUS,6/7/02,3478.0,213.0,"Perelshteyn, Mikhail",FIDE Master,2386.0
14400375,GER,BIH,6/7/02,2310.0,144.0,"Pezerovic, Edin",International Master,2419.0
8601640,CAN,USA,5/20/02,1968.0,18.0,"Quan, Zhe",International Master,2432.0
5200156,USA,PHI,3/5/02,3426.0,155.0,"Sevillano, Enrico",Grandmaster,2323.0
14103826,USA,UKR,5/15/02,22997.0,1121.0,"Shiber, Julia",Woman FIDE Master,2182.0
13900145,FRA,MDA,1/5/02,2039.0,89.0,"Skripchenko, Almira",International Master Woman Grandmaster,2386.0
11800097,AUT,SMR,3/5/02,29212.0,706.0,"Thoeny, Hermann",,1975.0
2803089,CAN,ISR,9/15/02,1591.0,13.0,"Tyomkin, Dimitri",Grandmaster,2411.0
8100977,MAR,JOR,4/3/03,2957.0,4.0,"Ali, Sebbar",International Master,2400.0
14100878,FRA,UKR,3/15/03,23309.0,1184.0,"Schweitzer, Victoria",Woman Intl. Master,2010.0
3501728,USA,CUB,5/7/03,1571.0,78.0,"Becerra Rivero, Julio",Grandmaster,2412.0
12802212,USA,LTU,9/6/03,1659.0,112.0,"Bercys, Salvijus",International Master,2447.0
401374,JAP,ENG,6/9/03,12662.0,10.0,"Bibby, Simon",FIDE Master,2123.0
1902334,ECU,POR,2/3/03,30717.0,69.0,"Chang Suarez, Rommel",,2140.0
3501868,ESP,CUB,8/25/03,18923.0,739.0,"Delgado Crespo, Mairelys",Woman Grandmaster,2207.0
2900262,AUT,BUL,9/29/03,9108.0,100.0,"Donev, Ivo",International Master,2291.0
2900106,PLE,BUL,10/3/03,4266.0,38.0,"Ermenkov, Evgenij",Grandmaster,2293.0
14501570,YUG,CRO,5/28/03,4579.0,95.0,"Jovanovic, Sasa D",FIDE Master,2360.0
14109042,GER,RUS,3/15/03,24807.0,3154.0,"Kopylov, Luba",Woman Intl. Master,1999.0
1404679,ISL,DEN,12/6/03,10072.0,51.0,"Kristinsson, Baldur",,2161.0
4629400,AUT,GER,10/16/03,17321.0,201.0,"Lickleder, Andreas",,2218.0
13300512,USA,ARM,2/19/03,1323.0,68.0,"Khachiyan, Melikset",Grandmaster,2430.0
4142217,CZE,RUS,9/3/03,11670.0,218.0,"Mikouev, Erendzen",,2264.0
4183150,ITA,RUS,3/18/03,115687.0,2691.0,"Nazarova, Olga",,1916.0
910775,AUS,YUG,4/29/03,38457.0,188.0,"Sarai, Slavica",Woman FIDE Master,2106.0
4300475,AUS,NZL,3/20/03,5606.0,22.0,"Scott, Ronald",,2253.0
14400596,GER,BIH,8/25/03,5252.0,144.0,"Solomunovic, Igor",International Master,2263.0
13501151,AUS,BLR,9/19/03,21071.0,103.0,"Sorokina, Anastasia",Woman Intl. Master,2194.0
13601040,GER,GEO,12/6/03,6653.0,694.0,"Tammert, Iamze",Woman Intl. Master,2228.0
900060,ESP,YUG,11/28/03,3149.0,115.0,"Todorcevic Antic, Miodrag",Grandmaster,2395.0
1902237,ECU,POR,2/3/03,39483.0,99.0,"Valencia Martin, German",,2102.0
14508630,AUT,CRO,12/26/03,10688.0,211.0,"Vrban, Damir",,2151.0
724351,RUS,ISR,9/25/03,6717.0,1140.0,"Zimmerman, Yuri",International Master,2321.0
11601230,RUS,LAT,6/29/04,7268.0,1273.0,"Aleksandrov, Sergei",,2313.0
13300474,ARM,GER,5/14/04,22.0,5.0,"Aronian, Levon",Grandmaster,2729.0
2806770,CAN,ISR,6/26/04,59649.0,522.0,"Barron, Irina",Woman FIDE Master,2028.0
4695330,LIE,GER,7/28/04,8539.0,1.0,"Ferster, Fabian",,2187.0
2900017,BUL,MKD,9/30/04,397.0,1.0,"Georgiev, Kiril",Grandmaster,2545.0
1310364,FRA,SUI,11/15/04,35305.0,1181.0,"Gross, Sebastien",,2119.0
5300363,PLE,LBN,4/14/04,1451.0,96.0,"Sammour-Hasbun, Jorge",FIDE Master,2458.0
2022656,JPN,USA,2/9/04,20081.0,15.0,"Katsuhara, Osamu",,2200.0
4127390,GER,RUS,8/31/04,27747.0,3178.0,"Konson, Konstantin",,2155.0
14901510,BER,SVK,6/29/04,61974.0,6.0,"Kovacova, Zuzana",Woman FIDE Master,2021.0
4109562,GER,RUS,3/23/04,28517.0,3283.0,"Ljubarskaja, Ludmilla",,2151.0
13300610,RUS,ARM,1/6/04,58570.0,292.0,"Movsisyan, Naira",Woman Grandmaster,2032.0
14111330,SLO,UKR,6/30/04,605.0,26.0,"Muzychuk, Anna",Grandmaster Woman Grandmaster,2505.0
14100657,GER,UKR,8/31/04,27374.0,3127.0,"Ousatchi, Mark",FIDE Master,2157.0
3501841,USA,CUB,3/17/04,1898.0,126.0,"Gonzalez, Renier",Grandmaster,2435.0
13500996,SWE,BLR,2/17/04,12287.0,252.0,"Tetenkina, Irina",Woman Intl. Master,2128.0
13400584,RUS,AZE,1/22/04,44935.0,6704.0,"Veliev, Gasan",FIDE Master,2080.0
3501566,MEX,CUB,6/6/05,9645.0,48.0,"Blanco Fernandez, Alvaro",International Master,2167.0
7600542,PLE,SYR,12/14/05,35946.0,3.0,"Asaad, Salah",FIDE Master,2116.0
14401487,TUR,BIH,9/5/05,1223.0,27.0,"Atalik, Suat",Grandmaster,2439.0
3501922,ESP,CUB,10/6/05,3737.0,201.0,"Castella Garcia, Fausto",FIDE Master,2311.0
102164,ESP,ARG,9/15/05,4495.0,244.0,"Del Rey, Diego",International Master,2285.0
14112990,USA,UKR,6/20/05,9056.0,475.0,"Kedyk, Dmitry",FIDE Master,2292.0
4400216,USA,COL,1/18/05,19767.0,997.0,"La Rota, Fabio",FIDE Master,2202.0
110124,ITA,ARG,12/13/05,1466.0,22.0,"Garcia Palermo, Carlos Horacio",Grandmaster,2419.0
200930,TUR,BEL,11/1/05,319.0,2.0,"Gurevich, Mikhail",Grandmaster,2562.0
14102471,GER,UKR,6/8/05,19926.0,2530.0,"Hess, Olena",Woman Intl. Master,2041.0
1131630,CAN,POL,6/18/05,13525.0,136.0,"Kaminski, Victor",,2247.0
935506,CRO,SCG,12/7/05,40462.0,824.0,"Knezevic, Jovan",,1922.0
644536,PLE,FRA,5/16/05,110417.0,4957.0,"Cocogne, Ludovic",,1924.0
927210,CRO,SCG,12/7/05,50215.0,1010.0,"Masirevic, Miroljub",,1882.0
4203380,SRB,GRE,10/5/05,723.0,11.0,"Miladinovic, Igor",Grandmaster,2489.0
7600437,JOR,SYR,6/15/05,3039.0,3.0,"Issa, Rafat",International Master,2338.0
103411,ESP,ARG,9/16/05,3786.0,136.0,"Saldano Dayer, Horacio",International Master,2378.0
13700928,GER,KAZ,1/18/05,24851.0,2768.0,"Shats, Valerij",,2171.0
14600390,CRO,SLO,12/7/05,17760.0,359.0,"Truta, Srecko",FIDE Master,2063.0
2024209,COL,USA,12/13/05,6911.0,31.0,"Tapia, Daniel",International Master,2318.0
4900839,USA,MGL,9/13/05,4801.0,19.0,"Batchimeg, Tuvshintugs",International Master Woman Grandmaster,2355.0
13300415,CAN,ARM,1/23/05,9327.0,72.0,"Voskanyan, Vahagn",FIDE Master,2173.0
13504185,FRA,BLR,9/13/05,16417.0,461.0,"Zharkov, Hleb",,2225.0
1401815,SCO,DEN,2/8/06,1366.0,13.0,"Aagaard, Jacob",Grandmaster,2426.0
13701010,SLO,KAZ,4/27/06,24579.0,170.0,"Bajt, Indira",Woman FIDE Master,2172.0
14906082,CZE,SVK,10/31/06,51591.0,2376.0,"Baran, Peter",,1877.0
3502783,ESP,COL,3/28/06,1634.0,72.0,"Cabrera, Alexis",Grandmaster,2409.0
112607,RUS,ARG,6/30/06,29790.0,4727.0,"Shcherbine, Andrei",,2145.0
1400185,ISL,DEN,3/25/06,909.0,6.0,"Danielsen, Henrik",Grandmaster,2469.0
14400421,CRO,SCG,12/7/06,7863.0,139.0,"Djeno, Drago",FIDE Master,2200.0
14400049,CRO,BIH,6/30/06,2835.0,42.0,"Dizdarevic, Emir",Grandmaster,2348.0
924911,CRO,SCG,10/31/06,36134.0,732.0,"Djuric, Milan",,1941.0
4500016,USA,EST,3/15/06,474.0,33.0,"Ehlvest, Jaan",Grandmaster,2528.0
1204173,USA,ROM,4/10/06,2275.0,146.0,"Florean, Andrei-Costel",International Master,2420.0
4109821,EST,RUS,4/10/06,22056.0,48.0,"Gansvind, Valeriya I.",Woman FIDE Master,2021.0
14401150,CRO,BIH,7/19/06,5869.0,103.0,"Glavas, Dragan",FIDE Master,2246.0
208078,FRA,BEL,2/15/06,2106.0,17.0,"Godart, Francois",International Master,2382.0
13300571,ENG,ARM,5/25/06,28746.0,455.0,"Grigoryan, Meri",Woman FIDE Master,1977.0
921076,CRO,SCG,12/7/06,84011.0,1035.0,"Grujin, Sinisa",,1970.0
12400149,HUN,VIE,3/28/06,2107.0,62.0,"Hoang, Thanh Trang",Grandmaster Woman Grandmaster,2382.0
907006,CRO,SCG,12/7/06,28693.0,336.0,"Jovanovic, Milenko",FIDE Master,2150.0
4148053,EST,RUS,4/10/06,2038.0,8.0,"Kalinichev, Andrey",FIDE Master,2429.0
4129776,KOR,RUS,4/15/06,1340.0,1.0,"Kim, Alexey",Grandmaster,2465.0
14400057,CRO,BIH,6/15/06,1300.0,17.0,"Kurajica, Bojan",Grandmaster,2431.0
14111268,GER,UKR,11/11/06,3504.0,300.0,"Lichmann, Peter",,2319.0
5200253,USA,PHI,10/10/06,7589.0,409.0,"Micayabas, Marlo",International Master,2309.0
924024,CRO,SCG,12/7/06,6976.0,122.0,"Markovic, Alen",,2220.0
4617592,CRO,GER,9/15/06,3837.0,65.0,"Muse, Drazen",International Master,2307.0
4600304,CRO,GER,4/15/06,2147.0,29.0,"Muse, Mladen",Grandmaster,2380.0
905399,CRO,SCG,12/7/06,6071.0,107.0,"Novakovic, Dragan",International Master,2241.0
14101289,FRA,UKR,3/22/06,4258.0,185.0,"Okhotnik, Vladimir",Grandmaster,2293.0
14900122,CZE,SVK,12/9/06,5324.0,159.0,"Priehoda, Vitezslav",International Master,2260.0
14109484,RUS,UKR,6/30/06,28067.0,981.0,"Raikin, Leonid",International Master,1980.0
14107503,USA,UKR,10/31/06,11361.0,583.0,"Rohonyan, Katerina",Woman Grandmaster,2267.0
2000733,FRA,USA,5/18/06,5198.0,236.0,"Shirazi, Kamran",International Master,2264.0
2019469,PLE,USA,10/30/06,11780.0,606.0,"Shivaji, Shivkuma",FIDE Master,2263.0
413003,KOR,ENG,5/29/06,109048.0,36.0,"Song, Jinwoo",FIDE Master,1927.0
13900285,LUX,MDA,6/30/06,5661.0,4.0,"Wagener, Anna",Woman Grandmaster,2251.0
4401328,PUR,COL,4/27/06,4777.0,1.0,"Velasco, Santiago",FIDE Master,2278.0
3800253,ESP,PER,5/26/06,9686.0,42.0,"Vidarte Morales, Arturo",International Master,2166.0
12501948,NOR,IRI,10/12/06,75142.0,497.0,"Khachatourian, Yerazik",,1987.0
8600546,QAT,CHI,4/27/06,2208.0,3.0,"Zhu, Chen",Grandmaster,2423.0
4132190,ITA,RUS,2/7/06,4308.0,64.0,"Zimina, Olga",International Master Woman Grandmaster,2291.0
4205707,CYP,GRE,7/18/07,48165.0,14.0,"Abatzidis, Stelios",,1890.0
12500283,IRI,FRA,1/25/07,2311.0,2.0,"Bagheri, Amir",Grandmaster,2372.0
14903059,CZE,SVK,10/10/07,16898.0,641.0,"Bakos, Eduard",,2072.0
3001288,ESP,URU,7/3/07,3349.0,180.0,"Barbero Sendic, Alejandro",FIDE Master,2326.0
3803392,ESP,PER,7/3/07,7753.0,484.0,"Bendayan Claros, Aaron",Candidate Master,2202.0
4300726,AUS,NZL,1/15/07,2851.0,17.0,"Bjelobrk, Igor",International Master,2403.0
13902911,RUS,MDA,9/7/07,16573.0,2850.0,"Butuc, Maria",Woman Intl. Master,2223.0
925063,CRO,SRB,10/4/07,13987.0,113.0,"Cengija, Vanja",FIDE Master,2243.0
400050,NZL,ENG,10/22/07,705.0,1.0,"Chandler, Murray G",Grandmaster,2518.0
12800619,ENG,LTU,7/13/07,8874.0,158.0,"Ciuksyte, Dagne",International Master Woman Grandmaster,2294.0
11600454,GER,LAT,5/28/07,212.0,12.0,"Fridman, Daniel",Grandmaster,2591.0
14201690,TJK,UZB,4/20/07,15912.0,13.0,"Djuraev, Sokhib",FIDE Master,2228.0
806404,MNC,ITA,4/20/07,3718.0,3.0,"Efimov, Igor",Grandmaster,2312.0
14401061,CRO,BIH,7/13/07,8873.0,161.0,"Goric, Esad",International Master,2181.0
1701550,ISL,SWE,10/2/07,27877.0,123.0,"Finnlaugsson, Gunnar",,1981.0
11600780,GER,LAT,10/23/07,1510.0,108.0,"Friedmann, Rafael",International Master,2416.0
2806126,CAN,ISR,10/2/07,5133.0,47.0,"Gerzhoy, Leonid",International Master,2348.0
2200341,AUS,ESP,9/6/07,1722.0,11.0,"Gil Capape, Javier",International Master,2444.0
4501993,CRO,EST,9/4/07,18655.0,218.0,"Golubenko, Valentina",Woman Grandmaster,2209.0
4901134,FRA,MGL,10/26/07,763.0,27.0,"Ider, Borya",International Master,2484.0
3500373,ESP,CUB,4/11/07,2277.0,70.0,"Herrera, Irisberto",Grandmaster,2420.0
13503103,UKR,BLR,7/12/07,17804.0,276.0,"Kalinin, Alexander",International Master,2063.0
14100673,ISR,UKR,1/15/07,46723.0,612.0,"Kaminik, Aleksandar",,2073.0
14200473,SIN,UZB,2/13/07,20350.0,23.0,"Khegay, Anjela",Woman Intl. Master,2037.0
14100576,USA,UKR,1/24/07,12026.0,615.0,"Khodarkovsky, Michael",,2260.0
4113250,FRA,RUS,12/6/07,795.0,29.0,"Lazarev, Vladimir",Grandmaster,2481.0
8600643,SIN,CHN,7/12/07,3472.0,92.0,"Li, Ruofan",International Master Woman Grandmaster,2321.0
2400359,ENG,SCO,11/6/07,35826.0,593.0,"Macdonald-Ross, Michael",,2117.0
13900765,GER,MDA,7/18/07,7618.0,851.0,"Marcziter, Dmitrii",FIDE Master,2205.0
2201224,AND,ESP,12/17/07,3842.0,211.0,"Mellado Trivino, Juan",International Master,2307.0
1106686,GER,POL,4/18/07,3698.0,320.0,"Michna, Marta",Woman Grandmaster,2313.0
13400258,USA,AZE,5/28/07,2204.0,141.0,"Shur, Mikhail",International Master,2423.0
2401312,NZL,SCO,7/11/07,39862.0,45.0,"Milligan, Helen",Candidate Master Woman FIDE Master,1925.0
923575,CRO,SRB,4/11/07,8093.0,145.0,"Pucovski, Miroslav",International Master,2196.0
12500259,AUT,IRI,7/4/07,54360.0,790.0,"Mohamadi-Zaafrani, Masoud",,2046.0
12400980,AUS,VIE,10/5/07,17320.0,62.0,"Nguyen, Thu Giang",Woman FIDE Master,2068.0
3504476,ESP,CUB,4/11/07,29450.0,1247.0,"Collazo Hidalgo-Gato, Niala",Woman Intl. Master,2146.0
12000086,AUT,LIE,7/4/07,14866.0,313.0,"Novkovic, Julia",Woman FIDE Master,2095.0
2205521,ESP,AND,8/16/07,1966.0,57.0,"Oms Pallisse, Josep",Grandmaster,2432.0
5201322,SIN,PHI,10/5/07,5249.0,10.0,"Paciencia, Enrique",International Master,2263.0
609110,ENG,FRA,4/11/07,30990.0,500.0,"Pass, Deborah J",Woman FIDE Master,1966.0
15001440,SRB,MKD,7/6/07,15489.0,56.0,"Petrov, Georgi",,2088.0
3500594,DOM,CUB,7/18/07,9669.0,11.0,"Pinal Borges, Nelson",International Master,2285.0
4400038,ESP,COL,4/16/07,3480.0,127.0,"Rodriguez Pineda, Daniel M.",International Master,2386.0
13900307,RUS,MDA,5/28/07,2886.0,430.0,"Babici, Roman",International Master,2402.0
1400231,NOR,DEN,7/13/07,6892.0,84.0,"Sahl, Bjarke",International Master,2222.0
14600714,CRO,SLO,4/11/07,1251.0,15.0,"Sermek, Drazen",Grandmaster,2471.0
13601679,CZE,GEO,9/7/07,4391.0,122.0,"Sharashenidze, Akaki",FIDE Master,2289.0
4107730,FRA,RUS,1/11/07,686.0,22.0,"Shchekachev, Andrei",Grandmaster,2492.0
14102757,GER,UKR,11/21/07,32523.0,3860.0,"Straub, Natalia",Woman Grandmaster,2132.0
14102587,RUS,UKR,5/28/07,5746.0,269.0,"Yoshan, Valeriy",International Master,2337.0
410942,WLS,ENG,10/12/07,35219.0,54.0,"Van Kemenade, Rudy",,1945.0
8600694,SIN,CHN,7/12/07,326.0,22.0,"Zhang, Zhong",Grandmaster,2561.0
14102110,BEL,UKR,1/25/07,6464.0,68.0,"Zozulia, Anna",International Master Woman Grandmaster,2231.0
24634247,POR,GER,8/4/08,36852.0,172.0,"Jeremias, Bianca Albano",,1938.0
1207075,AUS,ROU,3/13/08,7000.0,39.0,"Ambrus, Endre",FIDE Master,2316.0
13600168,SCO,GEO,1/15/08,4290.0,11.0,"Arakhamia-Grant, Ketevan",Grandmaster Woman Grandmaster,2292.0
926710,BIH,SRB,6/6/08,4544.0,26.0,"Batinic, Predrag",FIDE Master,2284.0
14101440,GER,UKR,10/20/08,765.0,40.0,"Berelowitsch, Alexander",Grandmaster,2484.0
927252,BIH,SRB,6/6/08,3300.0,17.0,"Bilic, Vladimir",FIDE Master,2328.0
929697,AUT,SRB,12/9/08,36167.0,908.0,"Bozinovic, Boban",Candidate Master,1941.0
2210932,ROU,ESP,12/3/08,160287.0,1791.0,"Bratu, Andreea",,1848.0
1021303,FRA,NED,7/1/08,23590.0,1199.0,"Brongers, Henk",,2008.0
3404650,ESP,CHI,7/4/08,759.0,27.0,"Castellanos Rodriguez, Renier",International Master,2484.0
929646,BIH,SRB,6/6/08,10088.0,52.0,"Djukic, Boris",FIDE Master,2280.0
1212915,USA,ROU,12/20/08,8099.0,281.0,"Foisor, Sabina-Francesca",Woman Grandmaster,2195.0
14402238,BIH,CRO,6/9/08,1478.0,20.0,"Galic, Ivan",International Master,2418.0
4629892,ITA,GER,1/22/08,36484.0,630.0,"Giacopelli, Vincenzo",,2114.0
2036550,TPE,USA,4/14/08,38885.0,5.0,"Hung, Daniel",,2104.0
13500058,USA,BLR,5/7/08,3513.0,214.0,"Kapengut, Albert",International Master,2385.0
14400537,SUI,BIH,7/2/08,17666.0,235.0,"Kelecevic, Nedeljko",International Master,2064.0
2016257,CAN,USA,7/31/08,3434.0,34.0,"Kriventsov, Stanislav G",International Master,2387.0
4698746,MNC,GER,1/22/08,12029.0,8.0,"Krulich, Roman",Candidate Master,2132.0
316199,GER,CZE,3/11/08,2439.0,199.0,"Kuklin, Valentin",FIDE Master,2366.0
1211285,CAN,ROU,1/11/08,72199.0,615.0,"Lacau-Rodean, Iulia",,1993.0
1303759,GER,SUI,1/15/08,490.0,24.0,"Lampert, Jonas",Grandmaster,2526.0
13601717,FRA,GEO,9/12/08,8463.0,392.0,"Maisuradze, Nino",Woman Grandmaster,2189.0
13901435,UKR,MDA,11/5/08,9560.0,433.0,"Makarov, V",International Master,2286.0
13401033,AZE,RUS,9/1/08,1371.0,24.0,"Mammadov, Zaur",Grandmaster,2426.0
15000176,SRB,MKD,2/18/08,88075.0,2497.0,"Milanovic, Maja",,1963.0
934160,BIH,SRB,6/6/08,8107.0,253.0,"Milekic, Daniel",FIDE Master,2195.0
14201712,KAZ,UZB,4/10/08,3572.0,30.0,"Pak, Yevgeniy",International Master,2317.0
930075,BIH,SRB,6/6/08,14615.0,73.0,"Plakalovic, Predrag",,2238.0
909017,BIH,SRB,6/6/08,6281.0,41.0,"Popovic, Zoran",FIDE Master,2235.0
2801604,CAN,ISR,9/17/08,3048.0,30.0,"Porper, Edward",International Master,2398.0
14100894,GER,UKR,10/20/08,46258.0,5811.0,"Rosenfeld, Tatjana",Woman FIDE Master,2075.0
4131428,GER,RUS,8/19/08,23349.0,2557.0,"Roos, Kseniya",Woman Intl. Master,2180.0
13503111,CAN,BLR,5/21/08,2517.0,21.0,"Samsonkin, Artiom",International Master,2363.0
723886,MNE,HUN,4/1/08,24764.0,344.0,"Adzic, Slobodan",FIDE Master,1999.0
932027,BIH,SRB,3/19/08,14085.0,94.0,"Stavnjak, Lazar",FIDE Master,2105.0
14903563,CZE,SVK,9/8/08,2556.0,65.0,"Svoboda, Svatopluk",International Master,2361.0
24631906,LIE,GER,6/19/08,28035.0,3206.0,"Zier, Oliver",,2154.0
2810115,MNC,ISR,7/24/09,27885.0,16.0,"Aronin, Pavel",,1981.0
4617304,SRB,GER,1/13/09,11012.0,243.0,"Belic, Jordanka",Woman Grandmaster,2270.0
1032984,BEL,NED,11/5/09,2532.0,23.0,"Beukema, Jasper",FIDE Master,2362.0
13902520,ROU,MDA,2/20/09,143264.0,1609.0,"Bogdan, Elizaveta",,1873.0
13900072,ROU,MDA,12/9/09,150066.0,1693.0,"Bulmaga, Elena",,1863.0
13903063,ROU,MDA,12/9/09,1945.0,28.0,"Bulmaga, Irina",International Master Woman Grandmaster,2390.0
4300033,AUS,NZL,1/13/09,245.0,2.0,"Cheng, Bobby",Grandmaster,2583.0
6000347,ENG,HKG,4/29/09,12578.0,210.0,"Corke, Anya S",Woman Grandmaster,2255.0
933015,SRB,CRO,9/30/09,114850.0,3141.0,"Dezelin, Milan",FIDE Master,1917.0
928879,SRB,MNE,3/25/09,14290.0,536.0,"Drljevic, Ljilja",Woman Intl. Master,2102.0
907642,MNE,SRB,7/28/09,3299.0,15.0,"Dujkovic, Sinisa",FIDE Master,2390.0
100919,ESP,ARG,1/30/09,7667.0,480.0,"Escandell Mari, Juan Carlos",FIDE Master,2204.0
8603731,USA,CHN,4/28/09,44511.0,1862.0,"Fan, Yun",Woman FIDE Master,2081.0
14105454,GER,UKR,3/5/09,1680.0,132.0,"Fedorovsky, Michael",International Master,2406.0
1902873,AND,POR,12/3/09,116781.0,39.0,"Ferreira, Antonio Viriato",,1914.0
24116068,NED,RUS,3/6/09,15.0,1.0,"Giri, Anish",Grandmaster,2745.0
9000011,FRA,MAR,3/24/09,480.0,1.0,"Hamdouchi, Hicham",Grandmaster,2527.0
24125563,FRA,RUS,8/7/09,47045.0,2665.0,"Iasman, Inna",,1895.0
14116731,ESP,UKR,1/23/09,115.0,1.0,"Ipatov, Alexander",Grandmaster,2644.0
5026520,USA,IND,6/5/09,7205.0,386.0,"Jayakumar, Adarsh",FIDE Master,2314.0
14109603,RUS,UKR,12/7/09,12.0,2.0,"Karjakin, Sergey",Grandmaster,2750.0
4130561,GER,RUS,12/15/09,12225.0,1494.0,"Kartsev, Soel",,2129.0
2034417,JPN,USA,10/14/09,79766.0,82.0,"Kishi, Satoru",,1978.0
4611020,LIE,GER,5/19/09,90251.0,9.0,"Kock, Hans-Uwe",FIDE Master,1959.0
944661,CRO,SRB,3/5/09,87488.0,1077.0,"Kurilj, Mico",,1964.0
14401835,MNE,BIH,7/29/09,17947.0,100.0,"Maric, Bozo",,2214.0
14508303,SRB,CRO,7/16/09,18916.0,737.0,"Markovic, Dragan R",,2051.0
14300435,NZL,RSA,8/4/09,58828.0,92.0,"Meyer, Marany",Woman Intl. Master,2031.0
2207753,ESP,AND,1/29/09,19223.0,1462.0,"Monell Camarasa, David",,2048.0
675946,ROU,FRA,5/5/09,6979.0,318.0,"Navrotescu, Andreea",Woman Grandmaster,2220.0
623830,MNC,FRA,6/22/09,20265.0,12.0,"Nelis, Jean-Francois",,2038.0
170925,LUX,ARG,7/23/09,29746.0,25.0,"Ocantos, Manuel",,2145.0
22260617,AND,ESP,11/24/09,110716.0,35.0,"Onna Amargant, Josep",,1924.0
916625,MNE,SRB,7/29/09,13649.0,52.0,"Petijevic, Vaso",FIDE Master,2246.0
14910942,CZE,SVK,4/28/09,112002.0,2995.0,"Petruska, Miroslav",,1922.0
4146387,CZE,RUS,9/8/09,21689.0,874.0,"Pochinkov, Andrey",,2024.0
1109448,JCI,POL,7/20/09,30609.0,4.0,"Rosenbeiger, Alan",Candidate Master,2141.0
605832,SUI,FRA,9/18/09,3035.0,24.0,"Sermier, Guillaume",International Master,2338.0
13601270,AUT,GEO,5/14/09,955.0,8.0,"Shengelia, David",Grandmaster,2464.0
627143,EGY,FRA,5/5/09,1028.0,4.0,"Shoker, Samy",Grandmaster,2456.0
14400030,BIH,NED,4/22/09,220.0,7.0,"Sokolov, Ivan",Grandmaster,2589.0
10600809,LBA,EGY,9/2/09,10873.0,2.0,"Sorial, Hanna",,2272.0
4800230,NED,IRQ,12/7/09,16812.0,662.0,"Akrawi, Samir",FIDE Master,2073.0
14907186,CZE,SVK,9/8/09,32775.0,1438.0,"Torvenyi, Roman",,1957.0
14110776,GER,UKR,5/21/09,4453.0,414.0,"Tripolsky, Eugen",International Master,2287.0
921114,CRO,SRB,2/12/09,44940.0,523.0,"Vujatovic, Dragomir",,2080.0
2022443,ENG,USA,5/15/09,11477.0,192.0,"Yap, Nicolas A",,2266.0
14910799,CZE,SVK,4/27/09,13250.0,467.0,"Zavacky, Peter",,2116.0
903027,CRO,SRB,6/2/09,8757.0,158.0,"Zelic, Branko",FIDE Master,2183.0
4800206,AUS,IRQ,8/17/10,76797.0,404.0,"Rashid, Russell",FIDE Master,1984.0
689165,LBN,FRA,3/29/10,24933.0,16.0,"Adeimi, Michel",,1998.0
3804933,USA,PER,6/30/10,24571.0,1179.0,"Aguilar Pena, Luciano",,2172.0
904422,BIH,SRB,7/2/10,8660.0,67.0,"Babic, Drasko",FIDE Master,2185.0
13500511,USA,BLR,7/8/10,3341.0,207.0,"Baturyn, Mikhail",International Master,2389.0
1126768,JCI,POL,1/25/10,45803.0,6.0,"Belzo, Krzysztof",Candidate Master,2076.0
22275126,CHI,ESP,11/10/10,121581.0,846.0,"Bernal Navarrete, Marcelo",,1906.0
725056,VIE,HUN,4/7/10,2869.0,15.0,"Cao, Sang",Grandmaster,2346.0
676446,MNC,FRA,6/30/10,44053.0,23.0,"Chung, Mathilde",Woman FIDE Master,2083.0
3503631,COL,CUB,4/14/10,776.0,3.0,"Delgado Ramirez, Neuris",Grandmaster,2483.0
929239,BIH,SRB,4/7/10,16079.0,373.0,"Dimitrijevic, Aleksandra",Woman Grandmaster,2081.0
1206435,FRA,ROU,4/26/10,9769.0,454.0,"Hamdouchi, Adina-Maria",Woman Grandmaster,2165.0
2002639,ENG,USA,10/14/10,64794.0,1060.0,"Harari, Zaki",,2012.0
4154401,GER,RUS,3/18/10,27536.0,3161.0,"Kloster, Svetlana",Woman FIDE Master,2156.0
4642740,CRO,GER,6/30/10,11749.0,139.0,"Ivic, Roman",FIDE Master,2263.0
12515914,TUR,IRI,10/19/10,98603.0,626.0,"Cannesar, Rad",,1944.0
4139690,SVK,RUS,4/14/10,4839.0,141.0,"Movsesian, Julia",Woman Grandmaster,2276.0
410128,GRE,ENG,10/14/10,179366.0,1779.0,"Kokossis, Danae",,1821.0
14100312,FRA,UKR,6/30/10,2955.0,127.0,"Legky, Nikolay A",Grandmaster,2342.0
3501051,COL,CUB,5/12/10,6836.0,30.0,"Lopez Hernandez, Carlos Manuel",FIDE Master,2319.0
913979,BIH,SRB,7/2/10,17017.0,94.0,"Lukic, Mirko",,2220.0
14901293,CRO,SVK,7/2/10,9146.0,166.0,"Machata, Martin",,2176.0
1110403,CZE,POL,12/15/10,28114.0,1175.0,"Machlowski, Slawomir",,1980.0
22270728,AND,ESP,9/6/10,16984.0,10.0,"Mateu Guiu, Esteve",,2071.0
14102145,GER,UKR,2/9/10,2858.0,235.0,"Melamed, Tatjana",Woman Grandmaster,2347.0
2606160,BIH,CAN,7/2/10,62332.0,330.0,"Nezirovic, Ozren",,2020.0
3502856,ESP,CUB,2/24/10,3748.0,203.0,"Perez Mitjans, Orelvis",Grandmaster,2311.0
20657307,ITA,FRA,5/21/10,373.0,4.0,"Rambaldi, Francesco",Grandmaster,2569.0
6500617,USA,CRC,12/15/10,286.0,0.0,"Ramirez, Alejandro",Grandmaster,2571.0
11600209,FRA,LAT,3/19/10,11396.0,523.0,"Safranska, Anda",Woman Grandmaster,2141.0
4128290,CAN,RUS,11/10/10,1034.0,8.0,"Sambuev, Bator",Grandmaster,2455.0
1203347,FRA,ROU,4/1/10,25097.0,794.0,"Bollengier, Andreea",Woman Intl. Master,2169.0
4120094,GER,RUS,7/7/10,4139.0,372.0,"Spivak, Ilya",FIDE Master,2297.0
4137728,UKR,RUS,1/26/10,11543.0,231.0,"Suleimanova, Ava",Woman Grandmaster,2139.0
14120771,POR,UKR,9/26/10,25207.0,58.0,"Ulyanovskyy, Vladimir",,2169.0
2044846,TUR,USA,7/1/10,188001.0,1703.0,"Uraz, Abdullah Kerim",,1809.0
650609,MNC,FRA,6/30/10,71242.0,27.0,"Vigny, Philippe",,1804.0
654183,MNC,FRA,6/30/10,3898.0,4.0,"Villegas, Pierre",International Master,2306.0
934038,MNE,SRB,6/30/10,5763.0,36.0,"Vlatkovic, Milos",FIDE Master,2249.0
1300270,MNE,SUI,6/30/10,12692.0,56.0,"Vulevic, Vjekoslav",FIDE Master,2123.0
1700146,LUX,SWE,7/5/10,1557.0,1.0,"Wiedenkeller, Michael",International Master,2413.0
9900608,AUS,SRI,8/13/10,135846.0,759.0,"Wijesuriya, Vineetha",Woman Candidate Master,1885.0
13500147,POL,BLR,5/19/10,1758.0,66.0,"Zezulkin, Jurij",Grandmaster,2402.0
12000051,AUT,LIE,6/9/11,11280.0,227.0,"Atlas, Dmitry",FIDE Master,2142.0
1018000,AHO,NED,12/26/11,18446.0,3.0,"Blijstra, Willem",FIDE Master,2056.0
2265427,KOR,ESP,8/23/11,2479.0,1.0,"Camacho Collados, Jose",International Master,2364.0
933643,BIH,SRB,6/6/11,15306.0,99.0,"Elez, Sinisa",,2090.0
13402153,TUR,AZE,3/4/11,6841.0,85.0,"Eminov, Orkhan",FIDE Master,2223.0
4138821,KAZ,RUS,3/31/11,10634.0,76.0,"Erzhanov, Arman",FIDE Master,2152.0
1511890,IRI,NOR,8/24/11,115571.0,762.0,"Ghaderi, Arman K",,1916.0
13900692,GER,MDA,7/4/11,10480.0,921.0,"Goreacinic, Dmitri",FIDE Master,2276.0
403938,CZE,ENG,8/4/11,4399.0,123.0,"Hinks-Edwards, Thomas R J",International Master,2289.0
724971,AUT,HUN,10/6/11,23468.0,547.0,"Horvath, Reka",,2009.0
1200372,FRA,ROU,5/4/11,2271.0,37.0,"Istratescu, Andrei",Grandmaster,2374.0
1201883,FRA,ROU,5/4/11,36501.0,1226.0,"Ignat, Diana",,2114.0
14108801,CZE,UKR,8/23/11,2700.0,69.0,"Kislinsky, Alexey",Grandmaster,2355.0
4129709,ARM,RUS,9/6/11,16845.0,144.0,"Kursova, Maria",Woman Grandmaster,2221.0
14200457,RUS,UZB,3/2/11,60076.0,1763.0,"Malinicheva, Lidia",Woman FIDE Master,1845.0
11602252,USA,LAT,12/9/11,11256.0,128.0,"Ni, Viktorija",Woman Intl. Master,2143.0
400106,AND,ENG,5/23/11,932.0,2.0,"Norwood, David R",Grandmaster,2494.0
12935042,SUI,GER,7/11/11,145581.0,1525.0,"Perman, Denis",,1870.0
1271038,SUI,GER,9/6/11,10906.0,135.0,"Perman, Sergey",,2148.0
13702076,RUS,KAZ,11/24/11,10503.0,1875.0,"Sergeyev, Alexander",FIDE Master,2276.0
2209390,LAT,ESP,12/29/11,68.0,2.0,"Shirov, Alexei",Grandmaster,2667.0
916811,TUR,SRB,12/21/11,196.0,2.0,"Solak, Dragan",Grandmaster,2598.0
3209105,SUI,AUS,7/20/11,80968.0,823.0,"Wallmueller, Peter",,1976.0
3900258,VEN,ENG,4/28/11,2212.0,5.0,"Ynojosa Aponte, Felix Jose",International Master,2377.0
505161,CAN,FIN,6/28/11,19995.0,210.0,"Zhou, Qiyu",FIDE Master Woman Grandmaster,2201.0
25006711,USA,IND,6/5/12,786.0,50.0,"Chandra, Akshat",Grandmaster,2481.0
14000385,TUR,TKM,6/5/12,18766.0,132.0,"Annaberdiyev, Babageldi",FIDE Master,2208.0
20697465,MNC,FRA,12/20/12,23889.0,14.0,"Apap, Hugo",,2176.0
2028255,JPN,USA,5/18/12,14055.0,12.0,"Averbukh, Alex",Candidate Master,2105.0
1024523,BEL,NED,5/30/12,1589.0,11.0,"Beukema, Stefan",International Master,2411.0
821322,ALB,ITA,11/6/12,2742.0,4.0,"Buli, Vangjel",International Master,2406.0
4000013,ITA,LUX,8/8/12,581.0,7.0,"David, Alberto",Grandmaster,2509.0
408280,NOR,ENG,7/6/12,5342.0,62.0,"Stanford, Maxim Barth",International Master,2260.0
14105870,NOR,UKR,5/18/12,46680.0,322.0,"Dolzhykova, Olga",Woman Grandmaster,2073.0
14200937,USA,UZB,7/30/12,369.0,0.0,"Gareyev, Timur",Grandmaster,2552.0
2054485,SUI,USA,4/16/12,45574.0,424.0,"Goldie, Thomas",,2077.0
5086310,USA,IND,8/10/12,18313.0,944.0,"Gupta, Bhaskar",Candidate Master,2211.0
405647,NZL,ENG,11/6/12,3183.0,3.0,"Hague, Ben",FIDE Master,2333.0
13401238,TUR,AZE,12/17/12,79707.0,492.0,"Hajiyev, Shahin",,1978.0
413364,TUR,ENG,2/8/12,45053.0,265.0,"Hasman, Cengiz",,2079.0
12923338,SUI,GER,12/17/12,26201.0,368.0,"Hund, Sarah",,1990.0
14531216,LIE,CRO,5/31/12,36612.0,7.0,"Jelic, Dejan",Candidate Master,1939.0
600067,ENG,FRA,7/24/12,1900.0,33.0,"Kirk, Ezra",International Master,2393.0
743763,AUT,HUN,3/1/12,7118.0,122.0,"Kiss, Balint",,2216.0
4156803,ESP,RUS,3/20/12,876.0,31.0,"Korneev, Oleg",Grandmaster,2472.0
500755,NOR,FIN,7/6/12,9343.0,107.0,"Koskela, Niina",Woman Grandmaster,2172.0
1148184,IRL,POL,5/21/12,175678.0,473.0,"Campbell, Karina",Woman FIDE Master,1826.0
14402092,CRO,BIH,3/7/12,24617.0,488.0,"Losic, Faruk",,2000.0
13601377,ESP,GEO,3/16/12,2378.0,127.0,"Matnadze Bujiashvili, Ann",International Master Woman Grandmaster,2369.0
10206248,FRA,BAN,6/28/12,8036.0,370.0,"Mohammad, Fahim",FIDE Master,2197.0
14100100,ESP,UKR,10/17/12,1358.0,52.0,"Moskalenko, Viktor",Grandmaster,2427.0
3800229,ESP,PER,3/30/12,2787.0,18.0,"Munoz, Miguel",Grandmaster,2350.0
901512,BIH,SRB,12/17/12,5150.0,33.0,"Narancic, Vlado",FIDE Master,2266.0
12406716,CAN,VIE,9/6/12,230773.0,1704.0,"Nguyen, Chloe Maria",Woman Candidate Master,1749.0
1203096,CAN,ROU,3/20/12,10421.0,79.0,"Nicula, Marius",FIDE Master,2155.0
1213261,NED,ROU,11/14/12,8273.0,195.0,"Werle, Iozefina",Woman Grandmaster,2302.0
2309157,SWE,ISL,6/28/12,8565.0,162.0,"Petersson, Baldur Teodor",Candidate Master,2187.0
924164,BIH,SRB,12/17/12,16735.0,92.0,"Prastalo, Borislav",FIDE Master,2222.0
2802295,CAN,ISR,7/6/12,2201.0,20.0,"Rabinovich, Alexander",International Master,2423.0
912956,MNE,SRB,7/30/12,16448.0,66.0,"Ratkovic, Milorad",,2077.0
402060,WLS,ENG,7/30/12,34892.0,39.0,"Sands, David A",,2121.0
12800864,ENG,LTU,12/17/12,39699.0,650.0,"Sarakauskiene, Zivile",Woman Intl. Master,2101.0
14100126,ISR,UKR,3/20/12,2844.0,74.0,"Shvayger, Yuliya",International Master Woman Grandmaster,2348.0
4134494,CZE,RUS,7/24/12,1753.0,30.0,"Spirin, Oleg",International Master,2443.0
902969,BIH,SRB,12/17/12,5871.0,27.0,"Stojanovic, Dobrisav",FIDE Master,2335.0
402893,SCO,ENG,1/13/12,1050.0,2.0,"Turner, Matthew J",Grandmaster,2454.0
1208624,SIN,ROU,9/19/12,65742.0,118.0,"Di Luppi, Olimpiu",Candidate Master,2009.0
1039830,AHO,NED,5/31/12,181797.0,34.0,"Van Zutphen, Amy",Woman Candidate Master,1818.0
1020870,AHO,NED,10/10/12,8877.0,1.0,"Vos, Tjark",,2181.0
8601844,KOR,CHN,4/28/12,63651.0,13.0,"Wang, Chengjia",Woman FIDE Master,2016.0
407380,WLS,ENG,4/16/12,13571.0,15.0,"White, Michael J R",FIDE Master,2247.0
6000908,SIN,HKG,9/19/12,15872.0,47.0,"Wong, Yee Chit",Candidate Master,2229.0
2026651,TUR,USA,4/27/12,40596.0,351.0,"Yagiz, Bora",,1922.0
942740,SUI,SRB,4/17/13,36115.0,519.0,"Adzic, Anna",,1941.0
5901227,TUR,CYP,12/6/13,114074.0,781.0,"Arca, Ekin",,1918.0
4692055,SUI,GER,10/2/13,399.0,3.0,"Bogner, Sebastian",Grandmaster,2544.0
4700481,BEL,ALB,4/24/13,3999.0,34.0,"Dardha, Arben",FIDE Master,2302.0
9900268,USA,SRI,5/6/13,20047.0,1014.0,"De Silva, Nirosh",FIDE Master,2200.0
908355,USA,BIH,9/12/13,22595.0,1110.0,"Djuric, Zivorad",FIDE Master,2184.0
14112035,UKR,ARM,9/13/13,4959.0,146.0,"Doluhanova, Evgeniya",Woman Grandmaster,2272.0
2805642,USA,ISR,1/21/13,479.0,34.0,"Erenburg, Sergey",Grandmaster,2527.0
4617738,AND,GER,10/8/13,36694.0,14.0,"Fassnacht, Peter",,2113.0
5803560,ENG,SIN,4/17/13,8862.0,143.0,"Fernandez, Michael",FIDE Master,2181.0
10700331,JCI,GCI,1/17/13,56547.0,7.0,"Forbes, Garry",Candidate Master,1858.0
32041667,ARG,ESP,9/3/13,7669.0,107.0,"Gimenez Aguirre, Alejo Ismael",International Master,2204.0
405817,SCO,ENG,1/14/13,1790.0,4.0,"Greet, Andrew N",International Master,2400.0
201820,TUR,BEL,2/6/13,2533.0,32.0,"Gulbas, Cemil",International Master,2362.0
1706063,FIN,SWE,6/10/13,8983.0,81.0,"Heinola, Vesa",Candidate Master,2179.0
3504387,USA,CUB,12/24/13,1137.0,81.0,"Hernandez Carmenate, Holden",Grandmaster,2479.0
16300190,MAC,TPE,7/25/13,105153.0,18.0,"Ho Hou-Meng, Herman",Candidate Master,1933.0
2046105,IRL,USA,6/18/13,9810.0,28.0,"Hughes, John L",,2164.0
13401823,TUR,AZE,2/13/13,14304.0,145.0,"Isgenderova, Hayale",Woman Intl. Master,2102.0
13601733,USA,GEO,3/21/13,221.0,19.0,"Izoria, Zviad",Grandmaster,2602.0
12938041,SCO,GER,7/24/13,10618.0,31.0,"Koehn, Lennart",,2152.0
14117908,LAT,UKR,4/9/13,71.0,2.0,"Kovalenko, Igor",Grandmaster,2674.0
114987,CAN,ARG,8/22/13,142.0,1.0,"Kovalyov, Anton",Grandmaster,2631.0
600180,MNC,FRA,4/26/13,14425.0,10.0,"Levacic, Damir",International Master,2100.0
8605718,SIN,CHN,5/27/13,2702.0,6.0,"Liu, Xiangyi",International Master,2355.0
427799,USA,ENG,3/5/13,186956.0,5999.0,"McCarty-Snead, Callaghan",,1810.0
3902773,AHO,VEN,10/2/13,47148.0,14.0,"Mena, Ailen Oriana",Woman FIDE Master,1894.0
2900343,TUR,BUL,4/2/13,8901.0,78.0,"Mollaoglu, Ergin",International Master,2294.0
14104946,BEL,UKR,10/23/13,64198.0,452.0,"Morozova, Iuliia",Woman FIDE Master,2014.0
13703803,CZE,KAZ,9/20/13,8297.0,256.0,"Mukashev, Assan",,2192.0
2229560,HKG,ESP,3/18/13,52644.0,19.0,"Muniz Pardino, Alberto",,2052.0
1200208,FRA,ROU,3/25/13,5145.0,143.0,"Navrotescu, Catalin",International Master,2348.0
322750,USA,CZE,6/10/13,7964.0,420.0,"Nemcova, Katerina",Woman Grandmaster,2305.0
928399,SRB,MNE,12/17/13,2801.0,64.0,"Pavlovic, Dejan S",International Master,2350.0
404691,ESP,ENG,9/5/13,4001.0,218.0,"Rahal, Michael A",International Master,2302.0
5018064,USA,IND,7/17/13,15771.0,459.0,"Ramya, Krishna",Woman FIDE Master,2085.0
1716450,FIN,SWE,6/10/13,252386.0,1099.0,"Ruth, Katarina",,1719.0
13401416,BEL,AZE,8/21/13,750.0,17.0,"Sadikhov, Ulvi",Grandmaster,2485.0
26028450,ALG,GER,8/19/13,110789.0,163.0,"Sahki, Saphir",Candidate Master,1924.0
1185543,ESP,POL,6/25/13,1913.0,97.0,"Sanz Wawer, Daniel",FIDE Master,2392.0
25004301,AUS,IND,10/23/13,825.0,5.0,"Sardana, Rishi",International Master,2477.0
12911690,EGY,GER,8/19/13,100112.0,662.0,"Sherif, Amina",Woman Intl. Master,1942.0
2051192,USA,CAN,2/8/13,2390.0,109.0,"Song, Edward",International Master,2369.0
600024,RUS,FRA,6/13/13,493.0,45.0,"Spassky, Boris V.",Grandmaster,2548.0
24111627,TOG,RUS,8/29/13,56214.0,2.0,"Strovskiy, Mikhail",Candidate Master,1859.0
824909,MNC,ITA,5/6/13,60951.0,24.0,"Tortorella, Giancarlo",,1842.0
937266,SRB,MNE,4/4/13,3546.0,52.0,"Rapport, Jovana",Woman Grandmaster,2318.0
407143,WLS,ENG,2/5/13,41552.0,61.0,"Waterfield, John W",,1918.0
408590,WLS,ENG,4/24/13,141904.0,205.0,"White, E. Michael",,1876.0
13400215,TUR,AZE,5/20/14,744.0,11.0,"Aghamaliyev, Cemil",Grandmaster,2486.0
35006860,USA,IND,7/9/14,38884.0,1091.0,Ananya Parikh,Woman Candidate Master,1929.0
20694229,MNC,FRA,6/18/14,62093.0,25.0,"Apap, Titouan",,1837.0
46641718,KEN,IND,11/25/14,250362.0,275.0,"Vengarai, Aravind",Candidate Master,1722.0
5032725,USA,IND,3/4/14,26518.0,1255.0,"Bharat, Arjun",Candidate Master,2161.0
2804395,AUS,ISR,12/9/14,35256.0,174.0,"Atzmon-Simon, Barak",,2119.0
12802760,DEN,LTU,2/25/14,43105.0,113.0,"Baliuniene, Margarita",Woman FIDE Master,1911.0
4646215,MNC,GER,2/19/14,1874.0,1.0,"Berezovsky, Igor",International Master,2395.0
429031,ITA,ENG,9/24/14,7219.0,125.0,"Bin-Suhayl, Ieysaa",,2214.0
3503844,ECU,CUB,5/12/14,59666.0,175.0,"Bosch Garcia, Jacqueline",Woman FIDE Master,2028.0
2093472,HKG,USA,6/26/14,0.0,0.0,"Chui, Benjamin",,0.0
3506690,USA,CUB,3/20/14,396.0,27.0,"Corrales Jimenez, Fidel",Grandmaster,2545.0
32009232,SWE,ESP,3/5/14,18044.0,381.0,"Cramling Bellon, Anna",Woman FIDE Master,2060.0
12576468,GEO,IRI,10/9/14,248.0,4.0,"Daneshvar, Bardiya",Grandmaster,2581.0
26025396,MNC,FRA,6/18/14,249867.0,63.0,"Djian, Lenny",,1722.0
4158296,LAT,RUS,9/2/14,9412.0,108.0,"Dolgova, Olga",Woman Intl. Master,2171.0
3504190,ECU,CUB,4/11/14,3082.0,14.0,"Fernandez Reyes, Lisandro",International Master,2337.0
20689284,GER,FRA,6/17/14,77139.0,9894.0,"Fesselier, Melissa",,1983.0
14101807,RUS,UKR,2/5/14,25620.0,4193.0,"Fomichenko, Svetlana",Woman Grandmaster,2166.0
14121379,ITA,UKR,1/10/14,1352.0,17.0,"Gilevych, Artem",International Master,2427.0
8602425,SIN,CHN,3/21/14,5712.0,11.0,"Gong, Qianyun",Woman Grandmaster,2250.0
1301047,MNC,SUI,2/19/14,157573.0,43.0,"Grillon, Charline",Woman Candidate Master,1852.0
14104652,RUS,UKR,10/13/14,7593.0,344.0,"Gritsayeva, Oksana",Woman FIDE Master,2206.0
4105290,GER,RUS,12/4/14,9649.0,1130.0,"Gruzmann, Boris",FIDE Master,2167.0
13503391,ISR,BLR,9/19/14,4163.0,108.0,"Gurbanov, Andrei",International Master,2296.0
4153979,TUR,RUS,4/29/14,35562.0,305.0,"Gokbulut, Julia",Woman FIDE Master,1944.0
13300865,BEL,ARM,5/5/14,1715.0,12.0,"Hovhannisyan, Mher",Grandmaster,2405.0
5805422,IND,SIN,8/22/14,373762.0,21092.0,"Ithal, H L Rahul",,1543.0
5805430,IND,SIN,8/22/14,55304.0,851.0,"Ithal, H L Rajath",,1863.0
10800859,IND,KEN,2/4/14,255590.0,7936.0,"Iyengar, Sharanya",Woman Candidate Master,1714.0
4135822,CZE,RUS,5/16/14,35059.0,720.0,"Jascenko, Olga",Woman Intl. Master,2120.0
24698016,TUR,GER,10/8/14,122516.0,857.0,"Kaplan, Hakan",,1905.0
14142368,AUT,UKR,8/18/14,9259.0,173.0,"Khalakhan, Jurij",Candidate Master,2174.0
12543640,USA,IRI,5/8/14,126413.0,4338.0,"Kiana, Arab",Woman Candidate Master,1899.0
13712209,NOR,KAZ,2/27/14,76646.0,505.0,"Kizatbay, Alseit",,1984.0
14102072,ISR,UKR,5/19/14,3118.0,84.0,"Klenburg, Michael",International Master,2335.0
4211626,CZE,GRE,9/2/14,4192.0,75.0,"Kourousis, Epameinondas",International Master,2369.0
14109336,RUS,UKR,7/11/14,446.0,26.0,"Lagno, Kateryna",Grandmaster Woman Grandmaster,2532.0
14122294,RUS,UKR,10/10/14,55325.0,1636.0,"Lagutina, Olga",,1863.0
633747,MNC,FRA,2/18/14,34106.0,18.0,"Levacic, Melissa",Woman Candidate Master,1951.0
8610410,CAN,CHN,8/10/14,41129.0,267.0,"Li, Yilin",,1919.0
4173031,GER,RUS,5/16/14,1876.0,143.0,"Loxine, Jakov",International Master,2395.0
934216,BIH,SRB,4/18/14,8676.0,91.0,"Marceta, Predrag",FIDE Master,2185.0
600423,MNC,FRA,6/24/14,1357.0,1.0,"Marciano, David",Grandmaster,2464.0
3503232,VEN,CUB,3/13/14,5090.0,16.0,"Marichal Gonzalez, Ariel",International Master,2268.0
4700180,FRA,ALB,7/24/14,4413.0,191.0,"Mirimanian, Hayk",FIDE Master,2288.0
2136830,ITA,BRA,11/17/14,111956.0,2564.0,"Modanese, Augusto",,1922.0
1206265,BEL,ROU,9/2/14,87030.0,667.0,"Nedelcu, Valeriu",,1965.0
1202758,GER,ROU,4/2/14,244.0,6.0,"Nisipeanu, Liviu-Dieter",Grandmaster,2583.0
13400193,TUR,AZE,4/29/14,200063.0,1881.0,"Yilmaz, Nigar",,1792.0
4902386,CAN,MGL,8/10/14,159860.0,1220.0,"Nyamdorj, Uranchimeg",,1849.0
937576,FRA,FID,7/25/14,2199.0,2.0,"Ondozi, Murtez",FIDE Master,2377.0
24630217,POL,GER,8/20/14,84681.0,1870.0,"Opasiak, Dustin Tennessee",,1757.0
1210947,NED,ROU,2/4/14,34868.0,772.0,"Padurariu, Ioana Smaranda",Woman Intl. Master,2121.0
13603620,USA,GEO,10/30/14,3310.0,150.0,"Paikidze, Nazi",International Master Woman Grandmaster,2328.0
918695,ITA,SRB,9/19/14,20197.0,504.0,"Panjkovic, Aleksandar",Candidate Master,2038.0
30910200,SUI,USA,10/27/14,79882.0,811.0,"Pao, Lucas Ping",,1978.0
3507831,PAR,CUB,3/4/14,6804.0,13.0,"Perez Rodriguez, Jennifer",Woman Grandmaster,2224.0
2403021,CZE,SCO,8/2/14,37375.0,1675.0,"Plchot, Miroslav",,1936.0
5803837,AUS,SIN,3/26/14,39920.0,155.0,"Quek, Kristine",Woman FIDE Master,1924.0
35081136,NZL,IND,6/24/14,360017.0,655.0,Raivath Mallela,,1564.0
408697,AUS,ENG,3/21/14,36338.0,180.0,"Richards, Heather S",Woman Intl. Master,2115.0
101710,URU,ARG,11/17/14,7106.0,13.0,"Rodi, Luis Ernesto",International Master,2216.0
13405039,TUR,AZE,2/5/14,32881.0,286.0,"Rzayev, Askar Aliakbar",,1957.0
10601279,ISL,EGY,5/26/14,22168.0,69.0,"Salama, Omar",,2187.0
13503189,USA,BLR,4/15/14,12423.0,633.0,"Sharevich, Anna",Woman Grandmaster,2257.0
4131177,UKR,RUS,8/6/14,21640.0,308.0,"Smolin, Sergey",International Master,2025.0
5202213,USA,PHI,10/28/14,9.0,3.0,"So, Wesley",Grandmaster,2757.0
1202600,SRB,ROU,7/4/14,1188.0,25.0,"Szuhanek, Ranko",International Master,2442.0
1330799,GER,SUI,7/30/14,97294.0,1010.0,"Tamrazyan, Gohar",,1947.0
7700016,TTO,ENG,10/21/14,33162.0,547.0,"Tavares, Shawn P",,2129.0
2001390,CAM,USA,4/17/14,5875.0,1.0,"Truong, H. Paul",FIDE Master,2335.0
1123645,AUT,POL,8/8/14,41314.0,1068.0,"Truszkiewicz, Eliza",,1919.0
11601116,GER,LAT,1/10/14,29905.0,3732.0,"Vasiljev, Jurij",,1971.0
1641581,GER,AUT,7/9/14,10797.0,215.0,"Wagner, Leopold Franziskus",,2149.0
10604006,AUS,EGY,11/13/14,52718.0,272.0,"Youssef, Ashraf",,2052.0
24101940,ISR,RUS,6/18/14,843.0,23.0,"Zanan, Evgeny",Grandmaster,2476.0
7604408,FIN,SYR,5/22/15,333313.0,1211.0,"Al-Hamoud, Lyal",,1603.0
7604157,FIN,SYR,5/22/15,263463.0,1113.0,"Al-Hamoud, Sham",,1703.0
4144198,ISR,RUS,1/16/15,53122.0,685.0,"Aleksandrova, Aleksandra",Woman FIDE Master,1871.0
13415034,TUR,AZE,8/4/15,0.0,0.0,"Alerli, Dimes",,0.0
13601865,ESP,GEO,7/20/15,425.0,15.0,"Aroshidze, Levan",Grandmaster,2537.0
26042380,MLT,FRA,9/8/15,36429.0,13.0,"Attard, Leopold",,2114.0
4100140,CAN,RUS,9/4/15,157.0,1.0,"Bareev, Evgeny",Grandmaster,2611.0
26080192,MNC,FRA,7/29/15,22324.0,13.0,"Berthaut, Alexandre",,2018.0
1032976,BEL,NED,7/20/15,91094.0,720.0,"Beukema, Christiaan",,1957.0
35064541,USA,IND,8/28/15,398196.0,9396.0,"Bolisetty, Lochana",,1506.0
24197939,CZE,RUS,3/12/15,25262.0,1025.0,"Bystrickiy, Daniil",,1996.0
2020009,USA,ITA,6/25/15,2.0,1.0,"Caruana, Fabiano",Grandmaster,2805.0
3520498,USA,CUB,6/5/15,6553.0,232.0,"Cervantes Landeiro, Thalia",FIDE Master Woman Grandmaster,2229.0
36007293,MNC,FRA,7/23/15,78049.0,32.0,"Cuttoli, Alexandre",,1981.0
4284488,SCO,GRE,8/28/15,142135.0,307.0,"Dabos - Doukas, Ioannis",,1875.0
3515737,VEN,CUB,10/14/15,0.0,0.0,"Darroman Cotilla, Lazaro Eduardo",,0.0
404420,WLS,ENG,7/27/15,3213.0,62.0,"Davies, Nigel R",Grandmaster,2332.0
14149893,CAN,UKR,9/11/15,9553.0,73.0,"Demchenko, Svitlana",Woman Intl. Master,2168.0
12945129,TUR,GER,6/18/15,133320.0,1006.0,"Demir, Ali",,1888.0
4662369,TUR,GER,2/24/15,29513.0,261.0,"Demir, Bilal",,1973.0
2402076,ISV,SCO,2/12/15,49208.0,3.0,"Dempsey, John",,1886.0
46634908,ENG,IND,3/10/15,142155.0,2171.0,Dhruv Easwar,,1875.0
7500114,ARU,AHO,3/16/15,146797.0,18.0,"Diaz, Maria M.A.",Woman FIDE Master,1868.0
5801605,ENG,SIN,3/23/15,485.0,9.0,"Fernandez, Daniel Howard",Grandmaster,2526.0
30908604,ISV,USA,3/19/15,996.0,58.0,"Ghazarian, Kirk",International Master,2459.0
1238302,SUI,ROU,7/27/15,188909.0,2130.0,"Gherghel-Butan, Maria",,1807.0
24182036,CZE,RUS,3/12/15,137402.0,3783.0,"Gorbunov, Artemiy",,1882.0
4102878,RUS,USA,10/26/15,581.0,58.0,"Ibragimov, Ildar",Grandmaster,2533.0
200450,LIE,MNC,3/12/15,46803.0,9.0,"Iclicki, Willy",FIDE Master,1896.0
64300293,JPN,ENG,5/14/15,268428.0,299.0,"Ito, Tomoki",,1696.0
34137430,LAT,RUS,2/20/15,18060.0,59.0,"Ivanov, Igor",,2213.0
5088240,AUS,IND,5/28/15,105031.0,701.0,"Jain, Kamal",,1687.0
26087464,MNC,FRA,2/20/15,161709.0,44.0,"Jamalov, Adam",,1846.0
14509962,BIH,CRO,4/27/15,22602.0,446.0,"Jelecevic, Ivo",,2016.0
15002110,GER,MKD,2/4/15,27228.0,3441.0,"Kierzek, Mira",Woman FIDE Master,1985.0
6002382,KOR,HKG,3/10/15,240491.0,222.0,"Kim, Benjamin Yune",,1735.0
12996300,AUT,GER,5/13/15,52204.0,1409.0,"Kimpel, Janine",,1875.0
2033801,DEN,USA,2/18/15,1347.0,12.0,"Korley, Kassa",International Master,2428.0
30909015,BUL,USA,7/29/15,2622.0,23.0,"Kostov, Deyan Samuil",FIDE Master,2358.0
3217957,JPN,AUS,2/9/15,43584.0,36.0,"Lin, Pin-Chen (Gary)",,2085.0
1320939,SRI,SUI,12/14/15,150363.0,191.0,"Makawitage, Hiru",,1863.0
1320947,SRI,SUI,12/14/15,158496.0,206.0,"Makawitage, Sandu",,1851.0
24146501,CZE,RUS,8/4/15,17327.0,327.0,"Matsenko, Andrei",FIDE Master,2218.0
12500100,NOR,IRI,6/24/15,75834.0,499.0,"Moradi, Kimia",,1986.0
2811788,BEL,ITA,3/3/15,193369.0,1864.0,"Muzzi Avantario, Daniele",,1801.0
4650891,AZE,GER,7/31/15,76.0,3.0,"Naiditsch, Arkadij",Grandmaster,2661.0
14501511,BIH,CRO,5/29/15,10499.0,194.0,"Pandurevic, Miro",FIDE Master,2154.0
942472,CRO,SRB,2/13/15,15509.0,189.0,"Pezelj, Sinisa",,2231.0
32083483,IRL,ESP,7/28/15,104244.0,230.0,"Plaza Reino, Agustin",,1935.0
24537233,IRL,ESP,7/28/15,365978.0,957.0,"Plaza Reino, Leire",,1555.0
24537225,IRL,ESP,7/28/15,286651.0,829.0,"Plaza Reino, Mateo",,1671.0
24511951,IRL,ESP,7/28/15,150496.0,383.0,"Plaza Reino, Mercedes",,1863.0
14126869,RUS,UKR,7/15/15,10416.0,438.0,"Potapova, Margarita",Woman Intl. Master,2155.0
14159902,RUS,UKR,7/15/15,32082.0,5071.0,"Poznyak, Nazar",,2134.0
6100538,PAN,NCA,4/2/15,11877.0,7.0,"Ramos Espinoza, Efren Andres",FIDE Master,2134.0
26091305,MNC,FRA,2/24/15,183772.0,52.0,"Rubsamen, Anais",,1815.0
45041490,USA,IND,4/3/15,67617.0,2016.0,"Gupta, Sara",Woman Candidate Master,1817.0
2604213,FIN,CAN,3/20/15,11463.0,55.0,"Sarwer, Jeff",FIDE Master,2266.0
2003139,CAM,USA,3/10/15,16187.0,1.0,"Schain, Randolph",,2080.0
8703876,SWE,ZAM,5/13/15,354028.0,4439.0,"Sorensen, Alva",,1573.0
8703884,SWE,ZAM,5/13/15,1506.0,25.0,"Sorensen, Hampus",International Master,2416.0
46649557,USA,IND,2/18/15,338691.0,8964.0,Sreelekha Korivi,,1596.0
810975,SUI,ITA,5/12/15,24688.0,233.0,"Stroppa, Daniel",FIDE Master,2172.0
616753,WLS,FRA,4/7/15,7609.0,6.0,"Strugnell, Carl",FIDE Master,2205.0
14902052,AUT,SVK,6/10/15,4014.0,59.0,"Theissl Pokorna, Regina",Woman Grandmaster,2302.0
2402106,ENG,SCO,10/14/15,52029.0,809.0,"Thomas, Philip",,1876.0
414409,WLS,ENG,5/13/15,33319.0,48.0,"Tomboline, David",,1955.0
4169930,ISR,RUS,5/22/15,118382.0,1143.0,"Sigal-Passeck, Sofia",,1912.0
14122286,RUS,UKR,7/15/15,806.0,49.0,"Triapishko, Alexandr",International Master,2480.0
786519,AUT,HUN,12/9/15,160069.0,2689.0,"Vicze, Zsofia",,1849.0
26093189,GRE,FRA,6/3/15,896.0,12.0,"Vlachos, Anatole",International Master,2470.0
410969,KOR,ENG,11/25/15,20685.0,320.0,"Walker, Martin G",FIDE Master,2034.0
4701631,BIH,ALB,5/8/15,7561.0,50.0,"Zenelaj, Samuel",FIDE Master,2207.0
14116804,USA,UKR,5/1/15,136.0,14.0,"Zherebukh, Yaroslav",Grandmaster,2620.0
2260409,AND,ESP,2/29/16,1342.0,51.0,"Aloma Vidal, Robert",International Master,2428.0
13708694,RUS,KAZ,8/26/16,789.0,6.0,"Assaubayeva, Bibisara",International Master Woman Grandmaster,2481.0
14121913,CZE,UKR,5/12/16,2827.0,72.0,"Burdalev, Kirill",International Master,2348.0
2090473,HKG,USA,4/5/16,290482.0,182.0,"Chan, Kaden Timothy",,1665.0
5727235,USA,MAS,8/22/16,268285.0,8009.0,"Chong, Joshua",,1696.0
14507951,SUI,CRO,7/12/16,4537.0,47.0,"Filipovic, Branko",International Master,2284.0
605590,MNC,FRA,7/22/16,439.0,4.0,"Fontaine, Robert",Grandmaster,2534.0
4621760,AUT,GER,11/16/16,76173.0,1190.0,"Ganzera, Andrea, Dr.",Woman FIDE Master,1985.0
1238221,ROU,SUI,12/20/16,37545.0,339.0,"Gherghel-Butan, Mircea",,1935.0
5900727,GRE,CYP,6/6/16,642.0,10.0,"Kelires, Andreas",Grandmaster,2499.0
36018180,MNC,FRA,7/22/16,60397.0,23.0,"Kien, Clovis",,1843.0
36052400,MNC,FRA,7/22/16,107314.0,33.0,"Kien, Lancelot",,1680.0
66200458,HKG,AUS,1/18/16,416424.0,372.0,"Kong, Steven Chun-shing",,1478.0
707708,SRB,HUN,8/23/16,6245.0,185.0,"Kopasz, Robert",FIDE Master,2236.0
34166235,SUI,RUS,6/14/16,42183.0,608.0,"Kostina, Veronika",Woman Candidate Master,1915.0
6380166,SWE,TUR,12/19/16,950.0,12.0,"Kucuksari, Kaan",International Master,2465.0
11201410,IND,BRN,10/25/16,303233.0,11661.0,"Lakshminaryanan, Ishwaryaa",,1647.0
5700051,MYA,MAS,3/2/16,4519.0,5.0,"Long, Peter",FIDE Master,2285.0
607193,SWE,FRA,12/19/16,12537.0,260.0,"Marchand, Erick",,2125.0
1114581,CAN,POL,10/5/16,8631.0,82.0,"Matras-Clement, Agnieszka",Woman Intl. Master,2297.0
11100702,GUY,BAR,6/24/16,67242.0,2.0,"Meusa, Wendell",Candidate Master,2005.0
14907526,CZE,SVK,3/18/16,258.0,4.0,"Michalik, Peter",Grandmaster,2578.0
1054465,SWE,NED,12/12/16,80334.0,1591.0,"Muntean, Felix",,1772.0
1054414,SWE,NED,12/12/16,11389.0,233.0,"Muntean, Victor",,2141.0
4401859,VEN,COL,6/15/16,9551.0,66.0,"Palencia Morales, Wilson Guillermo",International Master,2168.0
36043958,USA,FRA,6/16/16,23751.0,676.0,"Platnick, Elijah",,2007.0
1207210,SUI,ROU,11/17/16,5859.0,70.0,"Prunescu, Claudiu",FIDE Master,2246.0
3401219,ESP,CHI,3/22/16,24309.0,1954.0,"Queirolo Perez, Manuel",,2002.0
36054836,MAD,FRA,10/5/16,226646.0,158.0,"Rajaobelina, Hery",,1755.0
14122510,SRB,UKR,4/27/16,70085.0,2055.0,"Sadovski, Nemanja",,1998.0
1325353,JPN,SUI,6/1/16,21899.0,21.0,"Schweizer, Samuel",,2022.0
1325361,JPN,SUI,6/1/16,13579.0,11.0,"Schweizer, Simon",,2111.0
36098671,IND,FRA,7/1/16,293025.0,10706.0,"Shah, Marmik",,1662.0
1503260,DEN,NOR,2/9/16,35230.0,655.0,"Skytte, Torill",,1945.0
3203824,TPE,AUS,5/13/16,624.0,1.0,"Song, Raymond",Grandmaster,2503.0
24613959,SEY,GER,1/12/16,10526.0,1.0,"Stratonowitsch, Andre",FIDE Master,2154.0
1433512,TUR,DEN,1/12/16,46953.0,412.0,"Taskiran, Erol",,1895.0
25851187,RUS,GRE,7/12/16,40136.0,1284.0,"Tunik, Denis",,1924.0
34171999,ENG,RUS,9/26/16,0.0,0.0,"Turetskiy, Fedor",,0.0
1021516,CZE,NED,12/8/16,40831.0,1853.0,"Vanis, Josef",,1921.0
786527,AUT,HUN,2/25/16,35069.0,881.0,"Vicze, Kata",,1946.0
25007408,NZL,IND,2/20/16,58368.0,90.0,"Vinod, Kumar",,2033.0
1118080,CZE,POL,3/31/16,12540.0,241.0,"Worek, Joanna",Woman Grandmaster,2256.0
5301882,CAN,LBN,3/13/17,106745.0,858.0,"Abbas, Talal",,1930.0
7603053,FIN,SYR,3/6/17,293250.0,1165.0,"Al Argha, Fatima",,1661.0
7601433,FIN,SYR,3/6/17,72795.0,530.0,"Al Najar, Huda",,1798.0
4170539,TUR,RUS,3/28/17,102042.0,665.0,"Alexanian, Nelli",Woman Intl. Master,1938.0
14307405,NZL,RSA,3/7/17,236825.0,409.0,"Calitz, Hananke",,1740.0
2216477,SWE,EST,1/9/17,9480.0,186.0,"Golubenko, Valeriy",,2170.0
14104580,RUS,UKR,3/24/17,25625.0,4200.0,"Gordyk, Lubov",Woman FIDE Master,2166.0
14129418,RUS,UKR,4/11/17,46158.0,6850.0,"Illina, Natalia",Woman FIDE Master,2075.0
13603817,AUT,GEO,1/13/17,24900.0,588.0,"Kordzadze, Nino",,1998.0
3511723,ESP,FID,2/8/17,73468.0,6979.0,"Maceira Moya, Nery",,1796.0
921130,BIH,SRB,2/13/17,26325.0,162.0,"Mitrovic, Jovica",,1990.0
12501255,USA,FID,2/2/17,569.0,38.0,"Moradiabadi, Elshan",Grandmaster,2511.0
4413369,PAN,COL,1/9/17,45391.0,35.0,"Oquendo, Eder",,1902.0
46662464,USA,IND,2/14/17,81681.0,1379.0,"Bellayaru, Samarth",,1767.0
1628313,GER,AUT,1/9/17,7321.0,562.0,"Uksini, Bardhyl",,2313.0
5200393,SGP,PHI,1/11/17,3897.0,9.0,"Villamayor, Buenaventura",Grandmaster,2306.0
2002515,POL,USA,1/9/17,30426.0,868.0,"Weissbein, Thomas",,2142.0
407747,SCO,ENG,1/12/17,24600.0,65.0,"White, Stuart A",,2000.0
13900820,GER,FID,3/29/17,39501.0,4867.0,"Zilberman, Polina",Woman Intl. Master,2102.0
